,data-item-id,data-conversation-id,username,tweet,avatar,date,entity
0,1278629490202079232,1278629490202079232,@bcuties_jp,"  ã¾ãŸã¯é€†ã«é–‹å§‹ä¾¡æ ¼ã‚’ä½ãã—ã¦ã€çµ‚äº†ä¾¡æ ¼ã‚’é«˜ä¾¡ã«ã™ã‚‹ã“ã¨ãŒã§ãã¾ã™ã€‚ã¾ãŸã¯é–‹å§‹ä¾¡æ ¼ã¨çµ‚äº†ä¾¡æ ¼ã‚’åŒã˜ä¾¡æ ¼ã«ã—ã¦è²©å£²ã™ã‚‹ã“ã¨ã‚‚ã§ãã¾ã™ã€‚ã¾ãŸã‚ªãƒ¼ã‚¯ã‚·ãƒ§ãƒ³ã®æœŸé–“ã‚‚è¨­å®šã§ãã¾ã™ã€‚

#BlockchainCuties #ãƒ–ãƒ­ã‚­ãƒ¥ãƒ¼ #ãƒ–ãƒ­ãƒƒã‚¯ãƒã‚§ãƒ¼ãƒ³ã‚²ãƒ¼ãƒ  #ã‚­ãƒ¥ãƒ¼ãƒ†ã‚£ãƒ¼

è©³ç´°â†“
link.medium.com/ifUQdS6Rn7 pic.twitter.com/fpMTpSrqwI
",https://pbs.twimg.com/profile_images/1017753839569522688/zR1fC2cj_normal.jpg,2020-07-02,Blockchain Cuties
1,1278598281703161856,1278598281703161856,@bcuties_jp,"  Cutie of the Day #ä»Šæ—¥ã®ã‚­ãƒ¥ãƒ¼ãƒ†ã‚£ãƒ¼
#ã‚­ãƒ¥ãƒ¼ãƒ†ã‚£ãƒ¼ ã®ãƒšãƒ¼ã‚¸ã¯ä¸‹è¨˜URLã‹ã‚‰
blockchaincuties.com/pet/t191
#BlockchainCuties #BCU #ãƒ–ãƒ­ã‚­ãƒ¥ãƒ¼ #ãƒ–ãƒ­ãƒƒã‚¯ãƒã‚§ãƒ¼ãƒ³ã‚²ãƒ¼ãƒ  #dApps #ãƒ–ãƒ­ãƒƒã‚¯ãƒã‚§ãƒ¼ãƒ³ #ã‚²ãƒ¼ãƒ  pic.twitter.com/NBCyG2smha
",https://pbs.twimg.com/profile_images/1017753839569522688/zR1fC2cj_normal.jpg,2020-07-02,Blockchain Cuties
2,1279019273302814722,1279019273302814722,@jbb_one," Blockchain Cuties Universe will be launching soon on Matic. Sneak peek cuties for Matic presale! 

jbb.one/article/118718â€¦
@BlockchainCutie | #gamingnews | #gamers | #gamer | #Gaming | #NFT | #gamedev | #BlockchainGames | #interview pic.twitter.com/iBvAa3zsBY
",https://pbs.twimg.com/profile_images/1301816149798051840/gjFCU39s_normal.jpg,2020-07-03,Blockchain Cuties
3,1278968974152269824,1278968974152269824,@bcuties_jp,"  Cutie of the Day #ä»Šæ—¥ã®ã‚­ãƒ¥ãƒ¼ãƒ†ã‚£ãƒ¼
#ã‚­ãƒ¥ãƒ¼ãƒ†ã‚£ãƒ¼ ã®ãƒšãƒ¼ã‚¸ã¯ä¸‹è¨˜URLã‹ã‚‰
blockchaincuties.com/pet/t136820
#BlockchainCuties #BCU #ãƒ–ãƒ­ã‚­ãƒ¥ãƒ¼ #ãƒ–ãƒ­ãƒƒã‚¯ãƒã‚§ãƒ¼ãƒ³ã‚²ãƒ¼ãƒ  #dApps #ãƒ–ãƒ­ãƒƒã‚¯ãƒã‚§ãƒ¼ãƒ³ #ã‚²ãƒ¼ãƒ  #ã‚­ãƒ¥ãƒ¼ãƒ†ã‚£ãƒ¼ pic.twitter.com/fcSgZgbWeB
",https://pbs.twimg.com/profile_images/1017753839569522688/zR1fC2cj_normal.jpg,2020-07-03,Blockchain Cuties
4,1278992127200878594,1278992127200878594,@bcuties_jp,"  ã‚­ãƒ¥ãƒ¼ãƒ†ã‚£ãƒ¼ã‚’è²·ã†ã“ã¨ã«ã•ã‚ŒãŸã‚‰ã€ãŸã ã€Œä»Šã™ãè³¼å…¥ã€ï¼ˆBuy nowï¼‰ã‚’æŠ¼ã—ã¦ã€æŒ‡ç¤ºã«å¾“ã£ã¦ãã ã•ã„ã€‚

#BlockchainCuties #BCU #ãƒ–ãƒ­ã‚­ãƒ¥ãƒ¼ #ãƒ–ãƒ­ãƒƒã‚¯ãƒã‚§ãƒ¼ãƒ³ã‚²ãƒ¼ãƒ  #dApps #ãƒ–ãƒ­ãƒƒã‚¯ãƒã‚§ãƒ¼ãƒ³ #ã‚²ãƒ¼ãƒ  #ã‚­ãƒ¥ãƒ¼ãƒ†ã‚£ãƒ¼

è©³ç´°â†“
link.medium.com/ifUQdS6Rn7 pic.twitter.com/XoclT1R9Td
",https://pbs.twimg.com/profile_images/1017753839569522688/zR1fC2cj_normal.jpg,2020-07-03,Blockchain Cuties
5,1279019270165364736,1279019270165364736,@jbb_one,"  åŒºå—é“¾èŒå® ã€ŠBlockchain Cuties Universeã€‹å³å°†ä½œä¸ºé¦–å‘æ¸¸æˆDAPPä¹‹ä¸€ï¼Œåœ¨Maticå¹³å°ä¸Šæ¶ï¼å……æ»¡å°åº¦æµè¡Œè‹±é›„é£çš„æ–°é“¾é™å®šèŒå® é—ªäº®ç™»åœºï¼ 

jbb.one/article/118718â€¦
@BlockchainCutie | #gamingnews | #gamers | #gamer | #Gaming | #NFT | #gamedev | #BlockchainGames | #interview pic.twitter.com/ZJqsZhSvyf
",https://pbs.twimg.com/profile_images/1301816149798051840/gjFCU39s_normal.jpg,2020-07-03,Blockchain Cuties
6,1279891436180291585,1279891436180291585,@BlackSuav,"  Started playing Blockchain Cuties, out of the 6 Cuties these two are my favorite. #TRON  Shout out to @justinsuntron for bringing this Dapp to the Samsung Galaxy store #TRX ğŸš€ğŸŒ™ pic.twitter.com/8JpnJReFUx
",https://pbs.twimg.com/profile_images/1295354060296658945/6aaU2zSU_normal.jpg,2020-07-05,Blockchain Cuties
7,1280119441439645696,1280119441439645696,@maticnetwork,"  Andrew from Matic ecosystem project @BlockchainCutie is joining us for the Matic x Decentral Games virtual meetup on July 8th at 5 PM IST

Blockchain Cuties is an adventure game in which players collect, breed & battle collectible NFT creatures.

Register: forms.gle/vwdpHkck5VNpEHâ€¦ pic.twitter.com/66B13NVSzK
",https://pbs.twimg.com/profile_images/1222080053976031232/_4u93P8R_normal.jpg,2020-07-06,Blockchain Cuties
8,1280053621363621888,1280053621363621888,@bcuties_jp,"  Cutie of the Day #ä»Šæ—¥ã®ã‚­ãƒ¥ãƒ¼ãƒ†ã‚£ãƒ¼
#ã‚­ãƒ¥ãƒ¼ãƒ†ã‚£ãƒ¼ ã®ãƒšãƒ¼ã‚¸ã¯ä¸‹è¨˜URLã‹ã‚‰
blockchaincuties.com/pet/t38447
#BlockchainCuties #BCU #ãƒ–ãƒ­ã‚­ãƒ¥ãƒ¼ #ãƒ–ãƒ­ãƒƒã‚¯ãƒã‚§ãƒ¼ãƒ³ã‚²ãƒ¼ãƒ  #dApps #ãƒ–ãƒ­ãƒƒã‚¯ãƒã‚§ãƒ¼ãƒ³ #ã‚²ãƒ¼ãƒ  #ã‚­ãƒ¥ãƒ¼ãƒ†ã‚£ãƒ¼ pic.twitter.com/xGFei117Ex
",https://pbs.twimg.com/profile_images/1017753839569522688/zR1fC2cj_normal.jpg,2020-07-06,Blockchain Cuties
9,1280079040825737221,1280079040825737221,@bcuties_jp,"  ãŠè¦‹åˆã„ç›¸æ‰‹å‹Ÿé›†ä¸­
ã“ã®ã‚¿ãƒ–ã§ã¯ã€ãƒ¦ãƒ¼ã‚¶ãƒ¼ã¯éºä¼ãƒ—ãƒ¼ãƒ«ã‚’åºƒã’ã¦ç¹æ®–ã•ã›ã‚ˆã†ã¨ã™ã‚‹è‡ªåˆ†ã®ã‚­ãƒ¥ãƒ¼ãƒ†ã‚£ãƒ¼é”ã«ç‰¹å¾´ã‚’ã‚‚ã£ã¨è¿½åŠ ã™ã‚‹ãŸã‚ã«ã€ä»–ã®ãƒ¦ãƒ¼ã‚¶ãƒ¼ã®ã‚­ãƒ¥ãƒ¼ãƒ†ã‚£ãƒ¼ã‚’è¦‹ã¤ã‘ã‚‹ã“ã¨ãŒã§ãã¾ã™ã€‚

#BlockchainCuties #ãƒ–ãƒ­ã‚­ãƒ¥ãƒ¼ #ãƒ–ãƒ­ãƒƒã‚¯ãƒã‚§ãƒ¼ãƒ³ã‚²ãƒ¼ãƒ 

è©³ç´°â†“
link.medium.com/ifUQdS6Rn7 pic.twitter.com/tOx8mQ1QNv
",https://pbs.twimg.com/profile_images/1017753839569522688/zR1fC2cj_normal.jpg,2020-07-06,Blockchain Cuties
10,1280121310752968711,1280121310752968711,@MaticRussia,"  Ğ­Ğ½Ğ´Ñ€Ñ Ğ¸Ğ· ÑĞºĞ¾ÑĞ¸ÑÑ‚ĞµĞ¼Ğ½Ğ¾Ğ³Ğ¾ Ğ¿Ñ€Ğ¾ĞµĞºÑ‚Ğ° Matic @BlockchainCutie Ğ±ÑƒĞ´ĞµÑ‚ Ğ½Ğ° Ğ¾Ğ½Ğ»Ğ°Ğ¹Ğ½ Ğ²ÑÑ‚Ñ€ĞµÑ‡Ğµ Matic x Decentral Games 8 Ğ¸ÑĞ»Ñ Ğ² 14:30 ĞœĞ¡Ğš

Blockchain Cuties - ÑÑ‚Ğ¾ Ğ¿Ñ€Ğ¸ĞºĞ»ÑÑ‡ĞµĞ½Ñ‡ĞµÑĞºĞ°Ñ Ğ¸Ğ³Ñ€Ğ°, Ğ³Ğ´Ğµ Ğ¸Ğ³Ñ€Ğ¾ĞºĞ¸ ÑĞ¾Ğ±Ğ¸Ñ€Ğ°ÑÑ‚, Ñ€Ğ°Ğ·Ğ²Ğ¾Ğ´ÑÑ‚ Ğ¸ ÑÑ€Ğ°Ğ¶Ğ°ÑÑ‚ÑÑ Ñ ĞºĞ¾Ğ»Ğ»ĞµĞºÑ†Ğ¸Ğ¾Ğ½Ğ½Ñ‹Ğ¼Ğ¸ ÑÑƒÑ‰ĞµÑÑ‚Ğ²Ğ°Ğ¼Ğ¸ NFT.

Ğ ĞµĞ³Ğ¸ÑÑ‚Ñ€Ğ°Ñ†Ğ¸Ñ: forms.gle/vwdpHkck5VNpEHâ€¦ pic.twitter.com/A8MwNcKlce
",https://pbs.twimg.com/profile_images/1267776625317425154/LCz40O5j_normal.jpg,2020-07-06,Blockchain Cuties
11,1280441427198193665,1280441427198193665,@bcuties_jp,"  ã—ã‹ã‚‚ãã®äº¤é…ã«ã‚ˆã£ã¦ãƒˆãƒªãƒ“ãƒ¥ãƒ¼ãƒˆï¼ˆãƒ•ã‚¡ãƒ³ã‚·ãƒ¼ï¼‰ã®ã‚­ãƒ¥ãƒ¼ãƒ†ã‚£ãƒ¼ã‚’ç™ºè¦‹ã™ã‚‹ã“ã¨ã‚‚ã‚ã‚Šã¾ã™ã€‚

#BlockchainCuties #BCU #ãƒ–ãƒ­ã‚­ãƒ¥ãƒ¼ #ãƒ–ãƒ­ãƒƒã‚¯ãƒã‚§ãƒ¼ãƒ³ã‚²ãƒ¼ãƒ  #dApps #ãƒ–ãƒ­ãƒƒã‚¯ãƒã‚§ãƒ¼ãƒ³ #ã‚²ãƒ¼ãƒ  #ã‚­ãƒ¥ãƒ¼ãƒ†ã‚£ãƒ¼

è©³ç´°â†“
link.medium.com/ifUQdS6Rn7
",https://pbs.twimg.com/profile_images/1017753839569522688/zR1fC2cj_normal.jpg,2020-07-07,Blockchain Cuties
12,1280407201044185088,1280407201044185088,@bcuties_jp,"  Cutie of the Day #ä»Šæ—¥ã®ã‚­ãƒ¥ãƒ¼ãƒ†ã‚£ãƒ¼
#ã‚­ãƒ¥ãƒ¼ãƒ†ã‚£ãƒ¼ ã®ãƒšãƒ¼ã‚¸ã¯ä¸‹è¨˜URLã‹ã‚‰
blockchaincuties.com/pet/t135917
#BlockchainCuties #BCU #ãƒ–ãƒ­ã‚­ãƒ¥ãƒ¼ #ãƒ–ãƒ­ãƒƒã‚¯ãƒã‚§ãƒ¼ãƒ³ã‚²ãƒ¼ãƒ  #dApps #ãƒ–ãƒ­ãƒƒã‚¯ãƒã‚§ãƒ¼ãƒ³ #ã‚²ãƒ¼ãƒ  #ã‚­ãƒ¥ãƒ¼ãƒ†ã‚£ãƒ¼ pic.twitter.com/nkopucoFAP
",https://pbs.twimg.com/profile_images/1017753839569522688/zR1fC2cj_normal.jpg,2020-07-07,Blockchain Cuties
13,1280768079098572800,1280768079098572800,@bcuties_jp,"  Cutie of the Day #ä»Šæ—¥ã®ã‚­ãƒ¥ãƒ¼ãƒ†ã‚£ãƒ¼
#ã‚­ãƒ¥ãƒ¼ãƒ†ã‚£ãƒ¼ ã®ãƒšãƒ¼ã‚¸ã¯ä¸‹è¨˜URLã‹ã‚‰
blockchaincuties.com/pet/t129536
#BlockchainCuties #BCU #ãƒ–ãƒ­ã‚­ãƒ¥ãƒ¼ #ãƒ–ãƒ­ãƒƒã‚¯ãƒã‚§ãƒ¼ãƒ³ã‚²ãƒ¼ãƒ  #dApps #ãƒ–ãƒ­ãƒƒã‚¯ãƒã‚§ãƒ¼ãƒ³ #ã‚²ãƒ¼ãƒ  #ã‚­ãƒ¥ãƒ¼ãƒ†ã‚£ãƒ¼ pic.twitter.com/7VpZPnxGRo
",https://pbs.twimg.com/profile_images/1017753839569522688/zR1fC2cj_normal.jpg,2020-07-08,Blockchain Cuties
14,1280803817873760256,1280803817873760256,@bcuties_jp,"  è‡ªåˆ†ã®ã‚­ãƒ¥ãƒ¼ãƒ†ã‚£ãƒ¼ã‚’ä»–ã®å¥½ããªã‚­ãƒ¥ãƒ¼ãƒ†ã‚£ãƒ¼ã¨äº¤é…ã•ã›ã‚‹ãŸã‚ã«ã€ã‚­ãƒ¥ãƒ¼ãƒ†ã‚£ãƒ¼ã®æ‰€æœ‰è€…ã«æ–™é‡‘ã‚’æ”¯æ‰•ã‚‰ã‚ãªã‘ã‚Œã°ãªã‚Šã¾ã›ã‚“ã€‚ãŠè¦‹åˆã„ã®æ–™é‡‘ã‚‚è²©å£²ã™ã‚‹æ™‚ã®ä¾¡æ ¼ã¨åŒã˜ã‚ˆã†ã«ãƒ—ãƒ¬ãƒ¼ãƒ¤ãƒ¼è‡ªèº«ã«ã‚ˆã£ã¦è¨­å®šã•ã‚Œã¾ã™ã€‚

#BlockchainCuties #ãƒ–ãƒ­ã‚­ãƒ¥ãƒ¼ #ãƒ–ãƒ­ãƒƒã‚¯ãƒã‚§ãƒ¼ãƒ³

è©³ç´°â†“
link.medium.com/ifUQdS6Rn7
",https://pbs.twimg.com/profile_images/1017753839569522688/zR1fC2cj_normal.jpg,2020-07-08,Blockchain Cuties
15,1281312135130349571,1281312135130349571,@jbb_one," Blockchain Cuties Universe 2nd teaser for matic presale available now.

jbb.one/article/118822â€¦
@BlockchainCutie | #gamingnews | #gamers | #gamer | #Gaming | #NFT | #gamedev | #BlockchainGames | #interview pic.twitter.com/RrUgvmOoqT
",https://pbs.twimg.com/profile_images/1301816149798051840/gjFCU39s_normal.jpg,2020-07-09,Blockchain Cuties
16,1281166206502752256,1281166206502752256,@bcuties_jp,"  å£²ã‚Šå‡ºã—ä¸­ã¨åŒã˜ã‚ˆã†ã«ãƒ•ã‚£ãƒ«ã‚¿ãƒ¼ãŒã‚ã‚Šã€é©åˆ‡ãªç‰¹æ€§ã‚’é¸æŠã§ãã¾ã™ã€‚
ãŸã ãŠè¦‹åˆã„ç›¸æ‰‹å‹Ÿé›†ä¸­ã®ã‚¿ãƒ–ã«ã¯ã€ŒãŠã™ã™ã‚ã€ã®ã‚»ã‚¯ã‚·ãƒ§ãƒ³ãŒã‚ã‚Šã¾ã›ã‚“ã€‚

#BlockchainCuties #BCU #ãƒ–ãƒ­ã‚­ãƒ¥ãƒ¼ #ãƒ–ãƒ­ãƒƒã‚¯ãƒã‚§ãƒ¼ãƒ³ã‚²ãƒ¼ãƒ  #dApps #ãƒ–ãƒ­ãƒƒã‚¯ãƒã‚§ãƒ¼ãƒ³ #ã‚²ãƒ¼ãƒ  #ã‚­ãƒ¥ãƒ¼ãƒ†ã‚£ãƒ¼

è©³ç´°â†“
link.medium.com/ifUQdS6Rn7 pic.twitter.com/O8sM7qoEL6
",https://pbs.twimg.com/profile_images/1017753839569522688/zR1fC2cj_normal.jpg,2020-07-09,Blockchain Cuties
17,1281312130399158273,1281312130399158273,@jbb_one,"  å® ç‰©å…»æˆåŒºå—é“¾æ¸¸æˆã€ŠBlockchain Cuties Universeã€‹æ–°é“¾é™å®šNFTç¬¬äºŒå¼¹ï¼šå¸¦ä½ ä¸€çª¥å°†åœ¨Maticé¢„å”®ä¸­å‡ºç°çš„3ç§æ–°é“¾é™å®šèŒå® ï¼  

jbb.one/article/118856â€¦
@BlockchainCutie | #gamingnews | #gamers | #gamer | #Gaming | #NFT | #gamedev | #BlockchainGames | #interview pic.twitter.com/NwdyTsu0Oh
",https://pbs.twimg.com/profile_images/1301816149798051840/gjFCU39s_normal.jpg,2020-07-09,Blockchain Cuties
18,1281506444576124929,1281506444576124929,@bcuties_jp,"  Cutie of the Day #ä»Šæ—¥ã®ã‚­ãƒ¥ãƒ¼ãƒ†ã‚£ãƒ¼
#ã‚­ãƒ¥ãƒ¼ãƒ†ã‚£ãƒ¼ ã®ãƒšãƒ¼ã‚¸ã¯ä¸‹è¨˜URLã‹ã‚‰
blockchaincuties.com/pet/t58624
#BlockchainCuties #BCU #ãƒ–ãƒ­ã‚­ãƒ¥ãƒ¼ #ãƒ–ãƒ­ãƒƒã‚¯ãƒã‚§ãƒ¼ãƒ³ã‚²ãƒ¼ãƒ  #dApps #ãƒ–ãƒ­ãƒƒã‚¯ãƒã‚§ãƒ¼ãƒ³ #ã‚²ãƒ¼ãƒ  #ã‚­ãƒ¥ãƒ¼ãƒ†ã‚£ãƒ¼ pic.twitter.com/05UvGhjBJH
",https://pbs.twimg.com/profile_images/1017753839569522688/zR1fC2cj_normal.jpg,2020-07-10,Blockchain Cuties
19,1281528594682937345,1281528594682937345,@bcuties_jp,"  ï¼ä¸–ä»£ï¼ˆGeneration 0ï¼‰

ã“ã“ã«ã¯ã‚²ãƒ¼ãƒ å…¨ä½“ã®ï¼ä¸–ä»£ã®ã‚­ãƒ¥ãƒ¼ãƒ†ã‚£ãƒ¼ãŒè¡¨ç¤ºã•ã‚Œã¦ã„ã¾ã™ã€‚ï¼ä¸–ä»£ã®ã‚­ãƒ¥ãƒ¼ãƒ†ã‚£ãƒ¼ã¯ã‚ˆã‚Šé«˜ã„ä¸–ä»£ã®ã‚­ãƒ¥ãƒ¼ãƒ†ã‚£ãƒ¼ã¨æ¯”ã¹ã¦è©•ä¾¡ãŒè‰¯ã„ã§ã™ã€‚

#BlockchainCuties #ãƒ–ãƒ­ã‚­ãƒ¥ãƒ¼ #ãƒ–ãƒ­ãƒƒã‚¯ãƒã‚§ãƒ¼ãƒ³ã‚²ãƒ¼ãƒ  #dApps #ãƒ–ãƒ­ãƒƒã‚¯ãƒã‚§ãƒ¼ãƒ³ #ã‚²ãƒ¼ãƒ 

è©³ç´°â†“
link.medium.com/ifUQdS6Rn7 pic.twitter.com/LxVYrkffeH
",https://pbs.twimg.com/profile_images/1017753839569522688/zR1fC2cj_normal.jpg,2020-07-10,Blockchain Cuties
20,1282036993476698112,1282036993476698112,@SlywestYo,"  for example: Axie Infinity, Chainguardians, Gods unchained, ethermon, Blockchain Cuties, Crypto Kitties to name a few
",https://pbs.twimg.com/profile_images/1298274936226627586/_22YAMEj_normal.jpg,2020-07-11,Blockchain Cuties
21,1282281231317716993,1282281231317716993,@jbb_one,"  Major gameplay update for Blockchain Cuties Universe: new advantures, new treasures, and new strategy challenge.

jbb.one/article/118856â€¦
@BlockchainCutie | #gamingnews | #gamers | #gamer | #Gaming | #NFT | #gamedev | #BlockchainGames | #interview pic.twitter.com/kSisEwymTP
",https://pbs.twimg.com/profile_images/1301816149798051840/gjFCU39s_normal.jpg,2020-07-12,Blockchain Cuties
22,1282281224929792001,1282281224929792001,@jbb_one,"  åŒºå—é“¾èŒå® ã€ŠBlockchain Cuties Universeã€‹è¿æ¥2020å¹´æœ€é‡å¤§æ›´æ–°ï¼šæ–°æœºåˆ¶ï¼Œæ–°åœ°å›¾ï¼Œæ–°è£…å¤‡ï¼Œæ–°ç­–ç•¥ï¼  

jbb.one/article/118869â€¦
@BlockchainCutie | #gamingnews | #gamers | #gamer | #Gaming | #NFT | #gamedev | #BlockchainGames | #interview pic.twitter.com/CiTuMef1rY
",https://pbs.twimg.com/profile_images/1301816149798051840/gjFCU39s_normal.jpg,2020-07-12,Blockchain Cuties
23,1282587819806990337,1282587819806990337,@bcuties_jp,"  Cutie of the Day #ä»Šæ—¥ã®ã‚­ãƒ¥ãƒ¼ãƒ†ã‚£ãƒ¼
#ã‚­ãƒ¥ãƒ¼ãƒ†ã‚£ãƒ¼ ã®ãƒšãƒ¼ã‚¸ã¯ä¸‹è¨˜URLã‹ã‚‰
blockchaincuties.com/pet/t142919
#BlockchainCuties #BCU #ãƒ–ãƒ­ã‚­ãƒ¥ãƒ¼ #ãƒ–ãƒ­ãƒƒã‚¯ãƒã‚§ãƒ¼ãƒ³ã‚²ãƒ¼ãƒ  #dApps #ãƒ–ãƒ­ãƒƒã‚¯ãƒã‚§ãƒ¼ãƒ³ #ã‚²ãƒ¼ãƒ  #ã‚­ãƒ¥ãƒ¼ãƒ†ã‚£ãƒ¼ pic.twitter.com/3qoYZvIOuw
",https://pbs.twimg.com/profile_images/1017753839569522688/zR1fC2cj_normal.jpg,2020-07-13,Blockchain Cuties
24,1282615756455387137,1282615756455387137,@bcuties_jp,"  å…¨ã¦ï¼ˆAllï¼‰

ã“ã“ã«ã¯ã‚²ãƒ¼ãƒ å…¨ä½“ã®ã‚­ãƒ¥ãƒ¼ãƒ†ã‚£ãƒ¼ãŒå…¨ã¦è¡¨ç¤ºã•ã‚Œã¦ã„ã¾ã™ã€‚

#BlockchainCuties #BCU #ãƒ–ãƒ­ã‚­ãƒ¥ãƒ¼ #ãƒ–ãƒ­ãƒƒã‚¯ãƒã‚§ãƒ¼ãƒ³ã‚²ãƒ¼ãƒ  #dApps #ãƒ–ãƒ­ãƒƒã‚¯ãƒã‚§ãƒ¼ãƒ³ #ã‚²ãƒ¼ãƒ  #ã‚­ãƒ¥ãƒ¼ãƒ†ã‚£ãƒ¼

è©³ç´°â†“
link.medium.com/ifUQdS6Rn7 pic.twitter.com/gJItdNycAH
",https://pbs.twimg.com/profile_images/1017753839569522688/zR1fC2cj_normal.jpg,2020-07-13,Blockchain Cuties
25,1282978142169133057,1282978142169133057,@bcuties_jp,"  ã‚¢ã‚¤ãƒ†ãƒ ãƒãƒ¼ã‚±ãƒƒãƒˆï¼ˆItems Marketï¼‰

ã“ã“ã§ã¯ãƒ¦ãƒ¼ã‚¶ãƒ¼ã¯ã‚­ãƒ¥ãƒ¼ãƒ†ã‚£ãƒ¼å‘ã‘ã‚¢ã‚¤ã‚¨ãƒ ã‚’è³¼å…¥ã§ãã¾ã™ã€‚ã‚¢ã‚¤ãƒ†ãƒ ã¯ã‚­ãƒ¥ãƒ¼ãƒ†ã‚£ãƒ¼ã¨åŒã˜ã‚ˆã†ã«ãƒ—ãƒ¬ãƒ¼ãƒ¤ãƒ¼ãŒè¨­å®šã™ã‚‹ä¾¡æ ¼ã§å£²ã‚‰ã‚Œã¦ã„ã¾ã™ã€‚

#BlockchainCuties #ãƒ–ãƒ­ã‚­ãƒ¥ãƒ¼ #ãƒ–ãƒ­ãƒƒã‚¯ãƒã‚§ãƒ¼ãƒ³ã‚²ãƒ¼ãƒ  #ãƒ–ãƒ­ãƒƒã‚¯ãƒã‚§ãƒ¼ãƒ³

è©³ç´°â†“
link.medium.com/ifUQdS6Rn7 pic.twitter.com/4sL9xj2QY1
",https://pbs.twimg.com/profile_images/1017753839569522688/zR1fC2cj_normal.jpg,2020-07-14,Blockchain Cuties
26,1282956750933512192,1282956750933512192,@bcuties_jp,"  Cutie of the Day #ä»Šæ—¥ã®ã‚­ãƒ¥ãƒ¼ãƒ†ã‚£ãƒ¼
#ã‚­ãƒ¥ãƒ¼ãƒ†ã‚£ãƒ¼ ã®ãƒšãƒ¼ã‚¸ã¯ä¸‹è¨˜URLã‹ã‚‰
blockchaincuties.com/pet/t129629
#BlockchainCuties #BCU #ãƒ–ãƒ­ã‚­ãƒ¥ãƒ¼ #ãƒ–ãƒ­ãƒƒã‚¯ãƒã‚§ãƒ¼ãƒ³ã‚²ãƒ¼ãƒ  #dApps #ãƒ–ãƒ­ãƒƒã‚¯ãƒã‚§ãƒ¼ãƒ³ #ã‚²ãƒ¼ãƒ  #ã‚­ãƒ¥ãƒ¼ãƒ†ã‚£ãƒ¼ pic.twitter.com/Vz11FY5wo5
",https://pbs.twimg.com/profile_images/1017753839569522688/zR1fC2cj_normal.jpg,2020-07-14,Blockchain Cuties
27,1283340532245098496,1283340532245098496,@bcuties_jp,"  PAWã‚·ãƒ§ãƒƒãƒ—

PAWã‚·ãƒ§ãƒƒãƒ—ã§ã¯PAWã‚³ã‚¤ãƒ³ã§å£²ã‚‰ã‚Œã¦ã„ã‚‹ã‚¢ã‚¤ãƒ†ãƒ ã‚’è³¼å…¥ã§ãã¾ã™ã€‚
PAWã‚³ã‚¤ãƒ³ã¯å†’é™ºãªã©ã«å‡ºã—ãŸã‚Šã€ã‚¹ãƒšã‚·ãƒ£ãƒ«ãƒ»ã‚·ãƒ¼ã‚ºãƒ³ã«å‚åŠ ã—ãŸã‚Šã™ã‚‹ã“ã¨ã§ç„¡æ–™ã§ç²å¾—ã§ãã¾ã™ã€‚

#BlockchainCuties #ãƒ–ãƒ­ã‚­ãƒ¥ãƒ¼ #ãƒ–ãƒ­ãƒƒã‚¯ãƒã‚§ãƒ¼ãƒ³ã‚²ãƒ¼ãƒ  #ãƒ–ãƒ­ãƒƒã‚¯ãƒã‚§ãƒ¼ãƒ³

è©³ç´°â†“
link.medium.com/ifUQdS6Rn7 pic.twitter.com/5YkCiGbcLy
",https://pbs.twimg.com/profile_images/1017753839569522688/zR1fC2cj_normal.jpg,2020-07-15,Blockchain Cuties
28,1283321151893073920,1283321151893073920,@bcuties_jp,"  Cutie of the Day #ä»Šæ—¥ã®ã‚­ãƒ¥ãƒ¼ãƒ†ã‚£ãƒ¼
#ã‚­ãƒ¥ãƒ¼ãƒ†ã‚£ãƒ¼ ã®ãƒšãƒ¼ã‚¸ã¯ä¸‹è¨˜URLã‹ã‚‰
blockchaincuties.com/pet/n4204
#BlockchainCuties #BCU #ãƒ–ãƒ­ã‚­ãƒ¥ãƒ¼ #ãƒ–ãƒ­ãƒƒã‚¯ãƒã‚§ãƒ¼ãƒ³ã‚²ãƒ¼ãƒ  #dApps #ãƒ–ãƒ­ãƒƒã‚¯ãƒã‚§ãƒ¼ãƒ³ #ã‚²ãƒ¼ãƒ  #ã‚­ãƒ¥ãƒ¼ãƒ†ã‚£ãƒ¼ pic.twitter.com/udHXgFlsRI
",https://pbs.twimg.com/profile_images/1017753839569522688/zR1fC2cj_normal.jpg,2020-07-15,Blockchain Cuties
29,1283790784014286848,1283790784014286848,@faykennel,"  Dis cuties are very much available 

BREED: German Shepherd 
AGE: 7weeks
PRICE: 45k
SEX: Both sex

Akpabio Ajax Wike #earthquake #UgandaVsGhana Wizkid #GBFoods #BetwayGameOn #SylviaOnNetflix #betway #betwayBBNaija #twitterhacked #onlyfans #cryptocurrency #KGFChapter2 #blockchain pic.twitter.com/D9Gtbou6ci
",https://pbs.twimg.com/profile_images/1188839273149190145/KSXmvCQB_normal.jpg,2020-07-16,Blockchain Cuties
30,1283702917405581312,1283702917405581312,@bcuties_jp,"  ãƒ¦ãƒ‹ãƒ¼ã‚¯ï¼ˆUniqueï¼‰

ã“ã®ã‚¿ãƒ–ã«ã¯ãƒ¦ãƒ‹ãƒ¼ã‚¯ãªã‚­ãƒ¥ãƒ¼ãƒ†ã‚£ãƒ¼ã¨é™å®šç‰ˆã®ã‚­ãƒ¥ãƒ¼ãƒ†ã‚£ãƒ¼ãŒã‚ã‚Šã¾ã™ã€‚
ã“ã®ã‚­ãƒ¥ãƒ¼ãƒ†ã‚£ãƒ¼é”ã«ã¯+2ãƒ‘ãƒ¯ãƒ¼ãƒœãƒ¼ãƒŠã‚¹ã€ã—ã‹ã‚‚è¿½åŠ ã®ç‰¹å¾´ã‚„ãƒœãƒ¼ãƒŠã‚¹ãŒã‚ã‚Šã¾ã™ã€‚

#BlockchainCuties #ãƒ–ãƒ­ã‚­ãƒ¥ãƒ¼ #ãƒ–ãƒ­ãƒƒã‚¯ãƒã‚§ãƒ¼ãƒ³ã‚²ãƒ¼ãƒ  #dApps #ã‚­ãƒ¥ãƒ¼ãƒ†ã‚£ãƒ¼

è©³ç´°â†“
link.medium.com/ifUQdS6Rn7 pic.twitter.com/MsXfEN6uKE
",https://pbs.twimg.com/profile_images/1017753839569522688/zR1fC2cj_normal.jpg,2020-07-16,Blockchain Cuties
31,1283680519989850113,1283680519989850113,@bcuties_jp,"  Cutie of the Day #ä»Šæ—¥ã®ã‚­ãƒ¥ãƒ¼ãƒ†ã‚£ãƒ¼
#ã‚­ãƒ¥ãƒ¼ãƒ†ã‚£ãƒ¼ ã®ãƒšãƒ¼ã‚¸ã¯ä¸‹è¨˜URLã‹ã‚‰
blockchaincuties.com/pet/t141274
#BlockchainCuties #BCU #ãƒ–ãƒ­ã‚­ãƒ¥ãƒ¼ #ãƒ–ãƒ­ãƒƒã‚¯ãƒã‚§ãƒ¼ãƒ³ã‚²ãƒ¼ãƒ  #dApps #ãƒ–ãƒ­ãƒƒã‚¯ãƒã‚§ãƒ¼ãƒ³ #ã‚²ãƒ¼ãƒ  #ã‚­ãƒ¥ãƒ¼ãƒ†ã‚£ãƒ¼ pic.twitter.com/EuHzC5ZUoP
",https://pbs.twimg.com/profile_images/1017753839569522688/zR1fC2cj_normal.jpg,2020-07-16,Blockchain Cuties
32,1284247477886091264,1284247477886091264,@ICODrops,"  .@maticnetwork has announced #Blockchain Cuties presale, the first-ever #NFT sale on #Matic, beginning July 22nd.

twitter.com/maticnetwork/sâ€¦
ğŸ’§ icodrops.com/matic-network pic.twitter.com/EHTYe22xOQ
",https://pbs.twimg.com/profile_images/909143405246210048/YygF9NdQ_normal.jpg,2020-07-17,Blockchain Cuties
33,1284157642290507784,1284157642290507784,@maticnetwork,"  2/ We're also hosting a livestream in the Gamers Hub's Discord on July 20th with a $50 giveaway!

ğŸŒJoin here: discord.gg/Qhq2bW3

ğŸ»Learn more about Blockchain Cuties here: blockchaincuties.com 

Stay tuned for the other 6 Matic exclusive reveals in the upcoming days!
",https://pbs.twimg.com/profile_images/1222080053976031232/_4u93P8R_normal.jpg,2020-07-17,Blockchain Cuties
34,1284191305074171913,1284191305074171913,@bothemighty,"  New Cutie page on #VueJS continues our transition to dark theme across all screens in Blockchain Cuties Universe. It also increases load time and responsiveness of the page a lot. Plus I like the looks, tbh.

Now each Cutie has its age shown â€“ something that'll provide value soon pic.twitter.com/HiN60gtl1W
",https://pbs.twimg.com/profile_images/1211720956533788677/ATKj64XV_normal.jpg,2020-07-17,Blockchain Cuties
35,1284171477386956808,1284171477386956808,@BlockchainCutie,"  The first #MATICNetwork hero reveal is here!
Read more about countdown to Blockchain Cutiesâ€™ launch on Matic here: link.medium.com/5j8z83Spc8 #dapp #dapps #MaticNetwork #blockchaingame #BlockchainGaming #cryptogame #cryptogames twitter.com/maticnetwork/sâ€¦
",https://pbs.twimg.com/profile_images/1284155723887370244/dycWd7Oq_normal.jpg,2020-07-17,Blockchain Cuties
36,1284182400856018944,1284182400856018944,@NirbhikJangid,"  Finally seeing my idea coming to life for the Blockchain Cuties! 

All the best @BlockchainCutie for the sale ğŸ˜

More exciting Cuties to be revealed soon on @maticnetwork âš¡ twitter.com/maticnetwork/sâ€¦
",https://pbs.twimg.com/profile_images/1278410268159037440/JxG9yYSy_normal.jpg,2020-07-17,Blockchain Cuties
37,1284561473822322688,1284561473822322688,@maticnetwork,"  2/ ğŸ“º Donâ€™t miss our livestream in the Gamers Hub's Discord with a $50 giveaway on July 20th! Join here: discord.gg/Qhq2bW3

ğŸŒ Learn more about Blockchain Cuties: blockchaincuties.com
",https://pbs.twimg.com/profile_images/1222080053976031232/_4u93P8R_normal.jpg,2020-07-18,Blockchain Cuties
38,1284537406465728513,1284537406465728513,@Maxx_Tarantino,"  Matic welcome to BlockchainCutiesğŸ‘‹
",https://pbs.twimg.com/profile_images/1208499427029196801/TQElVuo-_normal.jpg,2020-07-18,Blockchain Cuties
39,1284382537712689153,1284382537712689153,@Rahul_2503,"  Time To Grab Some NFT's on Matic Network ğŸ˜ğŸ¥° ğŸ¥³ğŸ¥³
Blockchain Cuties, The First- ever NFT sale on Matic Network ğŸ˜
July 22nd ğŸ”¥ğŸ”¥ğŸ”¥
Go Grab Yours ğŸ˜‰
@maticnetwork @BlockchainCutie
@chandresh1091 @VishalHKothari pic.twitter.com/n89g7W4dCn
",https://pbs.twimg.com/profile_images/1309436687794098176/RRy-0zif_normal.jpg,2020-07-18,Blockchain Cuties
40,1285108086160556032,1285108086160556032,@maticnetwork,"  2/ğŸ“…Sale begins July 22nd.

ğŸ“ºWeâ€™re also offering a $50 giveaway during our Blockchian Cuties-focused livestream in the Gamers Hub's Discord on July 20th! Join here to take part: discord.gg/Qhq2bW3

ğŸŒ Learn more about Blockchain Cuties here: blockchaincuties.com
",https://pbs.twimg.com/profile_images/1222080053976031232/_4u93P8R_normal.jpg,2020-07-20,Blockchain Cuties
41,1285244269209387008,1285244269209387008,@SmartCryptoNew1," @maticnetwork Blockchain Cuties Matic Presale is near to come. But aside from it Matic also didn't stop to build and teach those people who wants to learn about Crypto specially in India
#SCN1 #SmartLiquidity
SCN1 BLOG HERE
bit.ly/3eP3HTw
@coinkit_ mon 50 150 BTC #Matic
",https://pbs.twimg.com/profile_images/1279328774266351617/pQAkFNrf_normal.jpg,2020-07-20,Blockchain Cuties
42,1285176706970550272,1285176706970550272,@tokenmetricsinc," #Crypto news summary â€• JULY 19

â€• @Ankr partners with @Meter_IO
â€• @certikorg enters into final stage
â€• @Binance completes 12th BNB token burn
â€• Malaysia adds #Binance to its list of unauthorized companies
â€• @maticnetwork announced the date of Blockchain Cuties presale - JULY 22
",https://pbs.twimg.com/profile_images/1143959129268113408/T5iU1UCS_normal.jpg,2020-07-20,Blockchain Cuties
43,1285482847151828992,1285482847151828992,@bitmoney_talk,"  (CUTE) Blockchain Cuties UniverseÂ Price bitmoneytalk.com/cute-blockchaiâ€¦
",https://pbs.twimg.com/profile_images/1136495075104419841/AmpvuIEf_normal.jpg,2020-07-21,Blockchain Cuties
44,1285610760689909761,1285610760689909761,@maticnetwork,"  2/ There will be 7 exclusive Matic-inspired Cuties on offer during the upcoming Blockchain Cuties presale, which will be the first-ever NFT sale held on Matic Network!

ğŸŒ Learn more about Blockchain Cuties: blockchaincuties.com
",https://pbs.twimg.com/profile_images/1222080053976031232/_4u93P8R_normal.jpg,2020-07-21,Blockchain Cuties
45,1285612603390165000,1285612603390165000,@SmartCryptoNew1," @maticnetwork introduced the 4th #blockchain Cuties on Matic Presale that will be launch on 22nd July.""Bengal Tiger Cutie"" derives from the National animal of India""
#SCN1 $Matic #SmartLiquidity
Check out here:
twitter.com/maticnetwork/sâ€¦
@coinkit_ mon 50 250 BTC #Matic
",https://pbs.twimg.com/profile_images/1279328774266351617/pQAkFNrf_normal.jpg,2020-07-21,Blockchain Cuties
46,1285616658493706240,1285616658493706240,@Simon28144637," #PoweredByMatic #Deployment #matic #MATICNetwork

Introducing the fourth Cutie of Blockchain Cutiesâ€™ Matic presale, beginning July 22nd: White Bengal Tiger Cutie! ğŸ¯ pic.twitter.com/YYLwyCQ07X
",https://pbs.twimg.com/profile_images/1263423149829435392/g8B2ncci_normal.jpg,2020-07-21,Blockchain Cuties
47,1285687022296981507,1285687022296981507,@BillRobert19,"  Â¡Se ofrecerÃ¡n 7 Cuties propulsados por Matic seleccionados durante la prÃ³xima preventa de Blockchain Cuties, que serÃ¡ el primer acuerdo de NFT colgado en @MaticNetwork!

ğŸŒ Aprenda progresivamente sobre Blockchain Cuties: blockchaincuties.com
@binance
",https://pbs.twimg.com/profile_images/1277721427022696450/u5M4TYxV_normal.jpg,2020-07-21,Blockchain Cuties
48,1285629059687473156,1285629059687473156,@dibgusberry," #matic #crypto #blockchaincuties #maticnetwork #Ethereum pic.twitter.com/YA9UVfbes9
",https://pbs.twimg.com/profile_images/1314294707527139328/cdnCaMd0_normal.jpg,2020-07-21,Blockchain Cuties
49,1285489156064284672,1285489156064284672,@VishalHKothari,"  Just 2 days to go to have your favorite #BlockchainCuties deployed on $Matic
#PoweredByMatic twitter.com/BlockchainCutiâ€¦
",https://pbs.twimg.com/profile_images/1294816320064643072/wG7MlGcC_normal.jpg,2020-07-21,Blockchain Cuties
50,1286246936153030656,1286246936153030656,@st3v3_t88888," Blockchain cuties Universe

#blockchain #gaming #uptrennd
uptrennd.com/post-detail/meâ€¦
@Uptrennd @BlockchainCutie
",https://pbs.twimg.com/profile_images/1274494882070114305/3i3xR1lX_normal.jpg,2020-07-23,Blockchain Cuties
51,1286213329476702208,1286213329476702208,@20drdent," Blockchain cuties are now live with their pre sale on matic @BlockchainCutie @maticnetwork
@cctip_io airdrop 0.00001 eth #cutieonmatic twitter.com/BlockchainCutiâ€¦
",https://pbs.twimg.com/profile_images/1267724170667847680/Mj7XUDoD_normal.jpg,2020-07-23,Blockchain Cuties
52,1286299183490703360,1286299183490703360,@Hhhy73028012," @sandeepnailwal has blockchain cuties instead for $matic 

No news.
 No exchanges.. just Blockchain cuties!

What a garbage project ğŸ˜‚ğŸ˜‚ğŸ˜‚ğŸ˜‚ twitter.com/scamdeep/statuâ€¦ pic.twitter.com/31BwIRqDHm
",https://abs.twimg.com/sticky/default_profile_images/default_profile_normal.png,2020-07-23,Blockchain Cuties
53,1286374885640605696,1286374885640605696,@lifemademe," $Matic... the leading layer 2 scaling solution to Ethereum. They have launched mainnet and staking, up to 50% APR. And I can boldly say is becoming a leader in Dapps too. Blockchain cuties Universe is already working with $Matic ğŸ’¯
",https://pbs.twimg.com/profile_images/1318106346047344640/D58fKd_b_normal.jpg,2020-07-23,Blockchain Cuties
54,1286203210735030272,1286203210735030272,@play2earncrypto,"  Another day, another blockchain platform supported by the collectible #NFT #BlockchainGame @BlockchainCutie!

@maticnetwork version of Blockchain Cuties has been launched today and with that an exclusive presale of Matic Founder Cuties #NFTs!

Presale: blockchaincuties.com/maticpresalestâ€¦ twitter.com/BlockchainCutiâ€¦
",https://pbs.twimg.com/profile_images/1306935703981314048/FnulGaJp_normal.jpg,2020-07-23,Blockchain Cuties
55,1286213945989009409,1286213945989009409,@SmartCryptoNew1,"  ğŸ”¥Chance to Own a Blockchain Cuties. The Blockchain Cuties #Matic version is now liveğŸ”¥
Get a chance to own your favorite Matic Cuties now. One of a kind event powered by @maticnetwork
#SCN1 #SmartLiquidity #Presale
INFO: twitter.com/BlockchainCutiâ€¦
@coinkit_ mon 50 250 BTC #Matic
",https://pbs.twimg.com/profile_images/1279328774266351617/pQAkFNrf_normal.jpg,2020-07-23,Blockchain Cuties
56,1286189033987637249,1286189033987637249,@BlockchainCutie,"  And weâ€™re live! @maticnetwork version of Blockchain Cuties has launched! 
Grab one of your first #Matic exclusive presale Cuties here: blockchaincuties.com/maticpresalestâ€¦

Day 1ï¸âƒ£ roster includes: 
â€“ White Bengal Tiger, 
â€“Â Matic Developer Girl and 
â€“ Buru! 

#blockchaingaming #playtoearn pic.twitter.com/M2YFanxcxy
",https://pbs.twimg.com/profile_images/1284155723887370244/dycWd7Oq_normal.jpg,2020-07-22,Blockchain Cuties
57,1286549673675640832,1286549673675640832,@nik_crypt7,"  Find out more about Blockchain Cuties and interact with the DApp : 
blockchaincuties.com
@maticnetwork @BlockchainCutie
",https://pbs.twimg.com/profile_images/1153622083026345985/VICEcIpc_normal.jpg,2020-07-23,Blockchain Cuties
58,1286549670953488384,1286549670953488384,@nik_crypt7,"  - Using MATIC mainnet, Blockchain Cutie will be able to take advantage of high performance and low fee infrastructure for in-game transactions.
- MATIC to offer 7 cuties during presale, 4 announced so far : Singh Cutie, Android Cutie, Shivudu, White Bengal Tiger Cutie.
",https://pbs.twimg.com/profile_images/1153622083026345985/VICEcIpc_normal.jpg,2020-07-23,Blockchain Cuties
59,1286459952559796224,1286459952559796224,@BillRobert19,"  Tutor on Playing Blockchain Cuties Universe 

on MATIC. 

Instructional exercise. 

Snap here to peruse more for comprehension:ğŸ‘‡
medium.com/@fantaaraka/plâ€¦
@maticnetwork
@coinbase
@binance
",https://pbs.twimg.com/profile_images/1277721427022696450/u5M4TYxV_normal.jpg,2020-07-23,Blockchain Cuties
60,1286639329880805376,1286639329880805376,@ubong_ephraim," dappradar.com/rankings/categâ€¦
Blockchain Cuties @BlockchainCutie  on @Maticnetwork rises to 23rd position!

#blockchaincutie #maticnetwork #matic #dapps #dappradar @DappRadar
",https://pbs.twimg.com/profile_images/1275473843512016896/37fhL7al_normal.jpg,2020-07-24,Blockchain Cuties
61,1286631965714677761,1286631965714677761,@ubong_ephraim,"  I just published MATIC DAPPS SPOTLIGHT WITH UBONG EPHRAIM - BLOCKCHAIN CUTIES link.medium.com/ekRmKugGn8
@maticnetwork @BlockchainCutie @VishalHKothari @chandresh1091
#matic #crypto #maticnetwork #blockchain #maticmitra #blockchain
",https://pbs.twimg.com/profile_images/1275473843512016896/37fhL7al_normal.jpg,2020-07-24,Blockchain Cuties
62,1286662262481199104,1286662262481199104,@kindexz," Blockchain Cuties Matic airdrop to active Ethereum players: explorer.matic.network/address/0xe70câ€¦
",https://pbs.twimg.com/profile_images/1098941821173092354/F_emOnUG_normal.png,2020-07-24,Blockchain Cuties
63,1286685360412663808,1286685360412663808,@cryptodumpini,"  Wtf bro Blockchain Cuties???

$matic is garbageeeee twitter.com/BillRobert19/sâ€¦
",https://pbs.twimg.com/profile_images/1306243745227190272/rUfNSFhT_normal.jpg,2020-07-24,Blockchain Cuties
64,1287069303250984966,1287069303250984966,@maticnetwork,"  2/ğŸ“ˆ12,000 mainnet transactions and climbing.
ğŸ±Blockchain Cuties Matic presale NFT distributions on the mainnet.
â¬†ï¸Over 5000 Matic mainnet wallet addresses.

More DApps will be continuously onboarding moving forward!

ğŸŒMainnet block explorer: explorer.matic.network
",https://pbs.twimg.com/profile_images/1222080053976031232/_4u93P8R_normal.jpg,2020-07-25,Blockchain Cuties
65,1287180169686519808,1287180169686519808,@BillRobert19,"  2/ğŸ“ˆ12,000 mainnet exchanges and climbing. 

ğŸ±Blockchain Cuties Matic presale NFT appropriations on the mainnet. 
â¬†ï¸Over 5000 #Maticmainnetwallet addresses.
More DApps will be consistently onboarding pushing ahead! 
ğŸŒMainnet block traveler: explorer.matic.network
@maticnetwork pic.twitter.com/FkWPcfx5Z8
",https://pbs.twimg.com/profile_images/1277721427022696450/u5M4TYxV_normal.jpg,2020-07-25,Blockchain Cuties
66,1287329913469468673,1287329913469468673,@rsolima,"  Yes, instead of promoting blockchain cuties ğŸ˜
",https://pbs.twimg.com/profile_images/901039858/strose_tagaytay2010_normal.jpg,2020-07-26,Blockchain Cuties
67,1287386925985300480,1287386925985300480,@tie_gunners," #Mainnet #Adoption 

ğŸ“ˆ 12,000 mainnet transactions and climbing.
ğŸ± Blockchain Cuties Matic presale NFT distributions on the mainnet.
â¬†ï¸ Over 5000 Matic mainnet wallet addresses.
ğŸŒ Keep track of mainnet statistics with the block explorer here: explorer.matic.network pic.twitter.com/geg7wcU4s4
",https://pbs.twimg.com/profile_images/1282335390674948103/UJvPvm6s_normal.jpg,2020-07-26,Blockchain Cuties
68,1287341598368505857,1287341598368505857,@debaas,"  Fuck defi, i'm playing blockchain cuties for 48 hours straight bitch. Breeding and fighting smol green tings. pic.twitter.com/qfCccysvZQ
",https://pbs.twimg.com/profile_images/1253324647635881984/veP9iUDo_normal.png,2020-07-26,Blockchain Cuties
69,1287211724882419712,1287211724882419712,@SmartCryptoNew1,"  As time goes on the @maticnetwork ecosystem becomes more prosperous
ğŸš€12k mainnet tx on record
ğŸš€ Blockchain Cuties Matic Presale distribution on the Mainnet
More dapps project to arrive soon
#SCN1 #SmartLiquidity
DETAILS:
explorer.matic.network
@coinkit_ mon 25 100 BTC #Matic pic.twitter.com/0bFZH1mERO
",https://pbs.twimg.com/profile_images/1279328774266351617/pQAkFNrf_normal.jpg,2020-07-25,Blockchain Cuties
70,1287264613856194562,1287264613856194562,@VishalHKothari,"  Only 4 ACTION ROBOT and 2 SHIVUDU left to grab right now go and grab your favorite #Blockchain Cutie by @BlockchainCutie deployed on @maticnetwork. Its awesome to see such great cuties are now on $Matic
#PoweredByMatic twitter.com/BlockchainCutiâ€¦
",https://pbs.twimg.com/profile_images/1294816320064643072/wG7MlGcC_normal.jpg,2020-07-25,Blockchain Cuties
71,1287295270791913473,1287295270791913473,@ubong_ephraim,"  New Cuties released early!!
Action robot on sale. 
@BlockchainCutie @maticnetwork
#maticnetwork #matic #blockchaincuties twitter.com/BlockchainCutiâ€¦
",https://pbs.twimg.com/profile_images/1275473843512016896/37fhL7al_normal.jpg,2020-07-26,Blockchain Cuties
72,1287719427404857346,1287719427404857346,@bothemighty,"  Nice, it's only Blockchain Cuties Universe, not Crypto Cuties :)
Otherwise, great sum up!
",https://pbs.twimg.com/profile_images/1211720956533788677/ATKj64XV_normal.jpg,2020-07-27,Blockchain Cuties
73,1287750941773426689,1287750941773426689,@VishalHKothari," $Matic Heroes are back on the Blockchain Cuties

Check the daily limit and total supply of the Matic Heroes. Also see the powers of the Heroes.

#PoweredByMatic twitter.com/BlockchainCutiâ€¦ pic.twitter.com/78GJrfcThO
",https://pbs.twimg.com/profile_images/1294816320064643072/wG7MlGcC_normal.jpg,2020-07-27,Blockchain Cuties
74,1287897039536177152,1287897039536177152,@VishalHKothari,"  This cutie's chain make me remember of @Eljaboom. Would love to see ELJA a $Matic Hero on blockchain cuties. the game is so much addictive. loved it. pic.twitter.com/KcAmqO0JL4
",https://pbs.twimg.com/profile_images/1294816320064643072/wG7MlGcC_normal.jpg,2020-07-27,Blockchain Cuties
75,1287758093166813184,1287758093166813184,@DCryptolorian," binaryassets.io/eth/can-matic-â€¦ @BlockchainCutie @maticnetwork  Wrote an interesting article about how matic could change blockchain gaming and my experience this far. Check it out! Nice job Cuties and Matic!
",https://pbs.twimg.com/profile_images/1317465783828680705/Y68fkDpu_normal.jpg,2020-07-27,Blockchain Cuties
76,1288051409217376257,1288051409217376257,@FluxDrake,"  MATIC cuties available in the market.  Breed your army now. blockchaincuties.com #blockchaincuties #MATICNetwork #Matic pic.twitter.com/Q1MfVFSAnV
",https://pbs.twimg.com/profile_images/1302223844497915904/fVGo8BUQ_normal.jpg,2020-07-28,Blockchain Cuties
77,1288153813786996737,1288153813786996737,@Info_Set2012,"  Some Teams 7 and others 6 that are very good too

Blockchain Cuties tournament

@BlockchainCutie
#dapps #MaticNetwork #ETH #TRON #NEO #blockchaingame #BlockchainGaming #cryptogame pic.twitter.com/KQKwnOdZUB
",https://pbs.twimg.com/profile_images/833667936900489216/WyQ8X76x_normal.jpg,2020-07-28,Blockchain Cuties
78,1288148339897307140,1288148339897307140,@BlockchainCutie,"  âš”ï¸Time to show off your heroes!âš”ï¸

Sign up for the third Blockchain Cuties tournament and see your champion fight live on our podcast!

Rules and registration: forms.gle/gBvCeGSijHDpTjâ€¦ #dapps #MaticNetwork #ETH #TRON #NEO #blockchaingame #BlockchainGaming #cryptogame pic.twitter.com/8hSZsbeWgT
",https://pbs.twimg.com/profile_images/1284155723887370244/dycWd7Oq_normal.jpg,2020-07-28,Blockchain Cuties
79,1288938978536824839,1288938978536824839,@bonwix,"  No one's using MATIC except for blockchain cuties crap
",https://pbs.twimg.com/profile_images/1286079114051543042/2m1ZHzEo_normal.jpg,2020-07-30,Blockchain Cuties
80,1288649431290699782,1288649431290699782,@wcryptofound," Blockchain Cuties On Matic Network 2 || Meet Other Matic Herosâ€Šâ€”â€ŠPresale is LIVE bit.ly/308pm50
",https://pbs.twimg.com/profile_images/1266105364677890066/Buw_cgb9_normal.png,2020-07-29,Blockchain Cuties
81,1288824402692505600,1288824402692505600,@BlockchainCutie,"  You get a chance to influence the course of Blockchain Cuties Universe game â€“ whoever owns 30 000 or more $PAWSS tokens at the end of NIFTEX sale will get a chance of introducing 1 powerful item of their choice to the game. This item will become available to all other players. pic.twitter.com/JUsc4jKDud
",https://pbs.twimg.com/profile_images/1284155723887370244/dycWd7Oq_normal.jpg,2020-07-30,Blockchain Cuties
82,1289334821823504384,1289334821823504384,@jbb_one," Blockchain Cuties Universe Matic sale is back!

jbb.one/article/119201â€¦
@BlockchainCutie | #gamingnews | #gamers | #gamer | #Gaming | #NFT | #gamedev | #BlockchainGames | #interview pic.twitter.com/LIT2rgVv6Q
",https://pbs.twimg.com/profile_images/1301816149798051840/gjFCU39s_normal.jpg,2020-07-31,Blockchain Cuties
83,1289334818325630982,1289334818325630982,@jbb_one,"  èŒå® å…»æˆåŒºå—é“¾æ¸¸æˆã€ŠBlockchain Cuties Universeã€‹è¶…çº§æŠ¢æ‰‹çš„é™é‡Maticé“¾ä¸ŠèŒå® è¿”åœºé”€å”®å•¦ï¼ 

jbb.one/article/119201â€¦
@BlockchainCutie | #gamingnews | #gamers | #gamer | #Gaming | #NFT | #gamedev | #BlockchainGames | #interview pic.twitter.com/1lksFwZ5Zi
",https://pbs.twimg.com/profile_images/1301816149798051840/gjFCU39s_normal.jpg,2020-07-31,Blockchain Cuties
84,1290212561124761600,1290212561124761600,@bcuties_jp,"  Cutie of the Day #ä»Šæ—¥ã®ã‚­ãƒ¥ãƒ¼ãƒ†ã‚£ãƒ¼
#ã‚­ãƒ¥ãƒ¼ãƒ†ã‚£ãƒ¼ ã®ãƒšãƒ¼ã‚¸ã¯ä¸‹è¨˜URLã‹ã‚‰
blockchaincuties.com/pet/t144949
#BlockchainCuties #BCU #ãƒ–ãƒ­ã‚­ãƒ¥ãƒ¼ #ãƒ–ãƒ­ãƒƒã‚¯ãƒã‚§ãƒ¼ãƒ³ã‚²ãƒ¼ãƒ  #dApps #ãƒ–ãƒ­ãƒƒã‚¯ãƒã‚§ãƒ¼ãƒ³ #ã‚²ãƒ¼ãƒ  #ã‚­ãƒ¥ãƒ¼ãƒ†ã‚£ãƒ¼ pic.twitter.com/caLxDrIb4I
",https://pbs.twimg.com/profile_images/1017753839569522688/zR1fC2cj_normal.jpg,2020-08-03,Blockchain Cuties
85,1291190923125235717,1291190923125235717,@jbb_one,"  The craziest giveaway ever for Blockchain Cuties Universe is about to come. 

jbb.one/article/119254â€¦
@BlockchainCutie | #gamingnews | #gamers | #gamer | #Gaming | #NFT | #gamedev | #BlockchainGames | #interview pic.twitter.com/XQb8cZT68z
",https://pbs.twimg.com/profile_images/1301816149798051840/gjFCU39s_normal.jpg,2020-08-05,Blockchain Cuties
86,1291188273944068102,1291188273944068102,@Chesatochi_com,"  My first day into the world of #Matic but great to have purchased a #cuties in Blockchain Cuties

Come check my latest vlog about it!

youtu.be/E0jrcGVz08U pic.twitter.com/HOqvLSYeIB
",https://pbs.twimg.com/profile_images/912628484685656064/hlNbLVVv_normal.jpg,2020-08-05,Blockchain Cuties
87,1291472024951558147,1291472024951558147,@Bookoons,"  You've probably been hearing about Blockchain Cuties on @maticnetwork.  
Check out what's happening on $Matic markets here and find out how you can get some:

medium.com/blockchain-cutâ€¦
#games #gamers #dapps #blockchaingames
",https://pbs.twimg.com/profile_images/1246813714701049856/qRrqsxNb_normal.jpg,2020-08-06,Blockchain Cuties
88,1291394937628565510,1291394937628565510,@Info_Set2012,"  Two weeks after Starting MATIC at @BlockChainCuties, 1000 Cuties were Exceeded !!

Hopefully they continue to generate children to enlarge the community !!!
",https://pbs.twimg.com/profile_images/833667936900489216/WyQ8X76x_normal.jpg,2020-08-06,Blockchain Cuties
89,1291190928875585536,1291190928875585536,@jbb_one,"  è‚²æˆå†’é™ºã‚²ãƒ¼ãƒ ã®ã€ŒBlockchain Cuties Universeã€Maticãƒ—ãƒ¬ã‚»ãƒ¼ãƒ«å‚åŠ ã—ã¾ã—ã‚‡ã†ï¼$3000ç›¸å½“ã®æœ€å¼·ã‚­ãƒ¥ãƒ†ã‚£ãƒ¼å…¥æ‰‹å¯èƒ½ï¼

jbb.one/article/119283â€¦
@BlockchainCutie | #gamingnews | #gamers | #gamer | #Gaming | #NFT | #gamedev | #BlockchainGames | #interview pic.twitter.com/sLNpXgqMWL
",https://pbs.twimg.com/profile_images/1301816149798051840/gjFCU39s_normal.jpg,2020-08-05,Blockchain Cuties
90,1291190918901628928,1291190918901628928,@jbb_one,"  æ¥å‚ä¸å® ç‰©å…»æˆåŒºå—é“¾æ¸¸æˆã€ŠBlockchain Cuties Universeã€‹Maticé¢„å”®ï¼å°†æœ‰æœºä¼šèµ¢å¾—ä»·å€¼3000ç¾é‡‘çš„æœ€å¼ºèŒå®  Singhï¼

jbb.one/article/119283â€¦
@BlockchainCutie | #gamingnews | #gamers | #gamer | #Gaming | #NFT | #gamedev | #BlockchainGames | #interview pic.twitter.com/7RF4xz4Liy
",https://pbs.twimg.com/profile_images/1301816149798051840/gjFCU39s_normal.jpg,2020-08-05,Blockchain Cuties
91,1292179310942380032,1292179310942380032,@maticnetwork,"  2/ Don't miss our upcoming livestream of Blockchain Cuties gameplay in the Gamers Hub Discord! There will be prizes up for grabsğŸ‰

Join here for updates regarding the livestream & the latest news from the blockchain gaming ecosystem: discord.gg/Qhq2bW3
",https://pbs.twimg.com/profile_images/1222080053976031232/_4u93P8R_normal.jpg,2020-08-08,Blockchain Cuties
92,1292243773863403520,1292243773863403520,@SmartCryptoNew1,"  ğŸ§¶ Blockchain Cuties is fourth on @maticnetwork #deploymentweek program

ğŸ§¶ Its a multi-blockchain adventure game

ğŸ§¶ Blockchain Cuties onboarding on #Matic to provide superior gameplay experience

â¤µï¸
twitter.com/maticnetwork/sâ€¦
#SCN1 #SmartLiquidity
@coinkit_ mon 25 100 BTC #Matic
",https://pbs.twimg.com/profile_images/1279328774266351617/pQAkFNrf_normal.jpg,2020-08-08,Blockchain Cuties
93,1292181435206393857,1292181435206393857,@Rahul_2503," @BlockchainCutie is the 4th onboarding of Deployment Week on Matic Network Mainnet.
Blockchain Cutie is ğŸ‘‡
ğŸ¥‡First collectible game to join the Samsung Blockchain universe.
ğŸ˜ºCurrently holding the first-ever NFT sale on Matic.
#matic #blockchaincuties
#build #movetomatic pic.twitter.com/aItQj492t2
",https://pbs.twimg.com/profile_images/1309436687794098176/RRy-0zif_normal.jpg,2020-08-08,Blockchain Cuties
94,1292284288742891520,1292284288742891520,@bl0ckaveli,"  Special shout out to all the folks that dismissed blockchain cuties. $Matic team is playing multi dimensional chess. Just sit back  and enjoy the show, and maybe wear a seat belt. #samsung
",https://pbs.twimg.com/profile_images/1111574793235644416/F5nb2bQQ_normal.jpg,2020-08-08,Blockchain Cuties
95,1292924850131079171,1292924850131079171,@BhargaviKothari," #PoweredByMatic
Blockchain Cuties by @BlockchainCutie  is a collectible adventure #crypto game incorporating puppies, lizards, bear cubs, cats and other real and fantasy animals.

Now on $Matic mainnet live.. pic.twitter.com/93d6FYevnH
",https://pbs.twimg.com/profile_images/1248785210029649924/W8DPfUXW_normal.jpg,2020-08-10,Blockchain Cuties
96,1293677664813776896,1293677664813776896,@Rahul_2503,"  Maticâ€™s side of Cutieland is growing fast.Its almost 1200 Cuties born on new blockchain within a few weeks. 

@BlockchainCutie welcomes the very first Tribute Cutie on Matic!
The first Matic tribute Cutie is the most adorable puppy ever!
This Cutie has very serious parents. pic.twitter.com/l2TnChDnk6
",https://pbs.twimg.com/profile_images/1309436687794098176/RRy-0zif_normal.jpg,2020-08-12,Blockchain Cuties
97,1293879537034436608,1293879537034436608,@gabusch,"  Honored to be a part of this and finally work with the Blockchain Cuties team! twitter.com/BlockchainCutiâ€¦
",https://pbs.twimg.com/profile_images/1284249946934386688/Qt84Hl1G_normal.jpg,2020-08-13,Blockchain Cuties
98,1294299214533603331,1294299214533603331,@YnoD,"  It's finally here! This tutorial, together with the guide and players help on discord and telegram should give everybody a flying start in the Blockchain Cuties Universe. #JustGettingStarted twitter.com/BlockchainCutiâ€¦
",https://pbs.twimg.com/profile_images/1193440319448240129/xZlEk1fe_normal.jpg,2020-08-14,Blockchain Cuties
99,1295396802947145730,1295396802947145730,@BlockchainCutie,"  Ladies and gentlemen! We proudly present you the @coin_artist! A bespoke piece of artwork and efficient Cutie asset that not only looks gorgeous, but also connects two worlds of Blockchain Cuties Universe and @neondistrictRPG! 

Exclusive to @maticnetwork

1 hour, time is ticking pic.twitter.com/UrNIHseI0Q
",https://pbs.twimg.com/profile_images/1284155723887370244/dycWd7Oq_normal.jpg,2020-08-17,Blockchain Cuties
100,1296467285868261379,1296467285868261379,@TodorSlavchev,"  What is someone build app over LBRY blockchain were cuties content is shown as recommended?
",https://pbs.twimg.com/profile_images/1166656964308475904/DpMD5hgd_normal.jpg,2020-08-20,Blockchain Cuties
101,1297150705845731329,1297150705845731329,@HiveLift,"  Lets say it for what it is: #pedophilia. #childabuse #sexualexploitation peakd.com/hive-174578/@aâ€¦ #CutiesIsNOTCute #Cuties 

CRITICAL that this discussion is not #censored. The #hive blockchain enables #freespeech around issues others would sweep under the table. 

@hivebloghare
",https://pbs.twimg.com/profile_images/1294536017072943106/QbyINiWp_normal.png,2020-08-22,Blockchain Cuties
102,1297522654895837184,1297522654895837184,@MonastiCrypto,"  no blockchaincuties? @BlockchainCutie
",https://pbs.twimg.com/profile_images/1300556439174426624/a0uTR0Br_normal.jpg,2020-08-23,Blockchain Cuties
103,1297547759348846592,1297547759348846592,@goatincharge,"  Had $matic once upon a time but I traded it on #Uniswap. Now I need some, but I have to wait until I get some more $eth. 

Playing #BlockchainCuties and some of these can be bought with #matic.
",https://pbs.twimg.com/profile_images/1310013147928035334/GH7Beq4f_normal.jpg,2020-08-23,Blockchain Cuties
104,1299694550081056769,1299694550081056769,@Pablo_es,"  SammichGame Prize pool until 30Aug:
@WonderZoneGames helmet + 1x1120 wondercoins +  10x210 wondercoins
@dapp_craft moonminer helmet + 2 vouchers
@decentralgames mink fur coat
@Pixelchain_dapp jersey
@decentraland headspace tshirt+ @blockchaincuties
@MetaZoneio meta
FrankieHat
",https://pbs.twimg.com/profile_images/1308107713843527681/Hkqf-NPK_normal.jpg,2020-08-29,Blockchain Cuties
105,1300444509562572800,1300444509562572800,@20drdent,"  Massive updates to matic network this month as we move towards phase 3.. Here's a list of partnerships-

Gaming Dapps- Synergy of Serra, Crypcade, Pirates 2048, 0xUniverse, 0xRacers, CryptoAssault, Blocklords, Boom Elements, Blockchain cuties, MegaCryptopolis
",https://pbs.twimg.com/profile_images/1267724170667847680/Mj7XUDoD_normal.jpg,2020-08-31,Blockchain Cuties
106,1304123523678564352,1304123523678564352,@boxticker,"  Trends fÃ¼r dich
Trend in Deutschland
#CancelNetflix
Im Trend mit: Cuties, #BoycottNetflix
122.000 Tweets
#Cypherium
Gesponsert von Cypherium Blockchain
Trend in Deutschland
MinderjÃ¤hrige
2.442 Tweets
Trend in Deutschland
Herzliches Beileid
Trend in Deutschland
",https://pbs.twimg.com/profile_images/963498861401722880/-4mTf0In_normal.jpg,2020-09-10,Blockchain Cuties
107,1305180329192366081,1305180329192366081,@FinTechZoom,"  New article: ""DOJ should target Netflix over 'despicable' 'Cuties' film: Rep. Banks"" has been published on Fintech Zoom - fintechzoom.com/fintech_news_bâ€¦ @FintechZoom #Fintech #Blockchain #Crypto #Cryptocurrency #ICO
",https://pbs.twimg.com/profile_images/1059887179508473856/716o6otx_normal.jpg,2020-09-13,Blockchain Cuties
108,1305467832776433664,1305467832776433664,@LoneRedwhyne,"  Nja falls du es nicht mitbekommen hast, die Jungs haben diesen Netflix Unfall Cuties verteidigt und alle Kritiker als Rechte bezeichnet, nachdem sich die User entsprechend geÃ¤uÃŸert hatten, ging die Blockchain los, kann sein, das du Ã¼ber mich blockiert wurdest.
",https://pbs.twimg.com/profile_images/1206824325753556993/YuY3OsX-_normal.png,2020-09-14,Blockchain Cuties
109,1305694988391546880,1305694988391546880,@phoneinf,"  Talking about Netflix Cuties corruption on HIVE = Worth $5, your part of a network that doesn't even reward honesty and high integrity, should say $3,000 next to an article like that. If you want a high integrity Blockchain network that will say
",https://pbs.twimg.com/profile_images/1300621134745014273/8nvI8QPl_normal.jpg,2020-09-14,Blockchain Cuties
110,1306226774158655489,1306226774158655489,@O3_Labs,"  We're excited to announce the partnership with @BlockchainCutie! #dapps #O3Wallet
ğŸ™ŒAre you looking forward O3 X Blockchain Cuties Giveaway Contest?ğŸ™Œ pic.twitter.com/XxSbxuKB6O
",https://pbs.twimg.com/profile_images/1301436967360425984/myk1-plp_normal.jpg,2020-09-16,Blockchain Cuties
111,1306600140929556487,1306600140929556487,@Chitkokowin,"  Gen 1 lel 7
#blockchaincuties pic.twitter.com/rWp3FkgMvL
",https://pbs.twimg.com/profile_images/1045306129998204928/QxcqHf9P_normal.jpg,2020-09-17,Blockchain Cuties
112,1306825615216119808,1306825615216119808,@STequila76," Blockchain cuties... I can give her some cuties to see if she likes it... Axie Infinity...
",https://pbs.twimg.com/profile_images/1154523591486115840/1z4jGv2j_normal.jpg,2020-09-17,Blockchain Cuties
113,1307463299349360640,1307463299349360640,@anndylian,"  Top 5 Blockchain Games (24 hrs)
1. #ChainZ Arena (TRON): 90, 238
2. #TronGoo2 (TRON): 90, 232
3. #Splinterlands (Hive): 89, 5908
4. Crypto Dynasty EOS (EOS): 87, 2042
5. Blockchain Cuties Universe (TRON): 86, 74

3/5 is #TRON @justinsuntron. Are #ETH games falling behind?
",https://pbs.twimg.com/profile_images/1276547954690539520/B_WVUhxb_normal.jpg,2020-09-19,Blockchain Cuties
114,1307982178857484288,1307982178857484288,@BChainItalia," Blockchain Cuties has put its official mascot up for sale. Why? ... read more at ift.tt/32NVJaq
",https://pbs.twimg.com/profile_images/803569477455609856/5o0mYs8J_normal.jpg,2020-09-21,Blockchain Cuties
115,1308122241570205697,1308122241570205697,@gratefulRiver,"  MLB ""cryptos"", CSC ships & modules, Riot Cats, Blockchain Cuties, Crypto Treasure, Block Magic, Crypto Kitties, Crypto Morph, Crypto Skulls, Chibi Fighters, Darkwinds.....I mean, I could go on and on really.
",https://pbs.twimg.com/profile_images/1212557246149742592/N-MM9F-C_normal.jpg,2020-09-21,Blockchain Cuties
116,1307950189831831553,1307950189831831553,@O3_Labs,"  ğŸ¤”ğŸ¤”ğŸ¤”ğŸ¤”Who wants a unique O3 bunny? #O3Wallet #Blockchaincuties twitter.com/BlockchainCutiâ€¦
",https://pbs.twimg.com/profile_images/1301436967360425984/myk1-plp_normal.jpg,2020-09-21,Blockchain Cuties
117,1308550335653388289,1308550335653388289,@goatincharge,"  You need $trx to play Blockchain Cuties. It's for the game. I like it.
",https://pbs.twimg.com/profile_images/1310013147928035334/GH7Beq4f_normal.jpg,2020-09-22,Blockchain Cuties
118,1308194622729007104,1308194622729007104,@FinTechZoom,"  New article: ""Netflix Will Survive the 'Cuties' Cancellations"" has been published on Fintech Zoom - fintechzoom.com/fintech_news_aâ€¦ @FintechZoom #Fintech #Blockchain #Crypto #Cryptocurrency #ICO
",https://pbs.twimg.com/profile_images/1059887179508473856/716o6otx_normal.jpg,2020-09-21,Blockchain Cuties
119,1308424708749172736,1308424708749172736,@thearreatsummit,"  Teknik partnerleri arasÄ±nda Ava Labs, Chainlink, Maker, Magic, Cargo gibi projeler var. Ekosistem partnerleri arasÄ±nda ise Axie Infinity, Sandbox, Battle Racers, Blockchain Cuties gibi oyunlar mevcut.
",https://pbs.twimg.com/profile_images/673064764919185408/jiZ89LmZ_normal.jpg,2020-09-22,Blockchain Cuties
120,1308521280103047169,1308521280103047169,@cryptobuzznews,"  Matic introduced Polyient Games as its next independent validator. Polyient Games is an investment firm focused on the NFT and #blockchain gaming industries. The Polyient Games portfolio includes The Sandbox, Neon District, Blockchain Cuties and Battle Racers. $matic pic.twitter.com/yrNql4WjBu
",https://pbs.twimg.com/profile_images/934008924591681536/r7fORnqR_normal.jpg,2020-09-22,Blockchain Cuties
121,1309206810935439360,1309206810935439360,@Everipedia,"  Brave Creator of the Day: Launched in 2018, Blockchain Cuties is a multi-blockchain collectible game with adventures built on Ethereum, EOS, TRON, and NEO. ğŸ˜º

@BlockchainCutie @BAT_Community
everipedia.org/wiki/lang_en/bâ€¦ pic.twitter.com/YqdeQkixEg
",https://pbs.twimg.com/profile_images/1141700959355179010/KoSRTXtH_normal.png,2020-09-24,Blockchain Cuties
122,1309403839443894275,1309403839443894275,@BlockchainCutie,"  ğŸ”¥The correct answer is umbrella!!! ğŸ”¥

We randomly selected 15 winners.

Check out your Blockchain Cuties accounts next week to welcome your new pets! twitter.com/BlockchainCutiâ€¦
",https://pbs.twimg.com/profile_images/1284155723887370244/dycWd7Oq_normal.jpg,2020-09-25,Blockchain Cuties
123,1309288624748404736,1309288624748404736,@iss991,"  - Blockchain Cuties account : blockchaincuties.com/player/3321899â€¦
- O3 public Wallet Address : ANy6muphGWW4MYMSuzdNztKRzAfARmHdLH
- My guess : An umbrella twitter.com/BlockchainCutiâ€¦
",https://pbs.twimg.com/profile_images/621178404939923456/Zco4xHfe_normal.jpg,2020-09-24,Blockchain Cuties
124,1310003790335094785,1310003790335094785,@WMC_feed,"  ğŸ ""4/1/6 (7)  - BlockchainCuties | OpenSea""
ğŸƒ #57727
âš”ï¸ 38
ğŸ“‹ Opensea #2070
ğŸ¦ wrappedmarble.cards
ğŸ”— marble.cards/card/57727 #MarbleCards #NFT pic.twitter.com/2LZ4L2QCdS
",https://pbs.twimg.com/profile_images/1182922466986868736/j0nDBAUw_normal.png,2020-09-26,Blockchain Cuties
125,1310049707767390208,1310049707767390208,@wizon_button,"  ç§ã¯PCç‰ˆã‹ã‚‰ã¯ã˜ã‚ã¾ã—ãŸãŒã€æœ€è¿‘ã¯æ‰‹è»½ã«ã‚¹ãƒãƒ›ã®GO!WALLETã‹ã‚‰éŠã‚“ã§ã„ã¾ã™ğŸ˜ƒ
ã€Œã‚²ãƒ¼ãƒ ã§éŠã¶ã€ã®ã€Œã™ã¹ã¦ã‚’è¦‹ã‚‹ã€ã®ä¸­ã«ã€ŒBlockchain Cutiesã€ãŒã‚ã‚Šã¾ã™ã®ã§ãã“ã‹ã‚‰ï¼
ã¡ãªã¿ã«ETHã ã‘ã˜ã‚ƒãªãã¦ã€EOSã€TRONã€NEOã€MATICã‚‚å¯¾å¿œã€‚
ETHã—ã‹è§¦ã£ã¦ãªã„ã‘ã©ã€æ°—ã«ãªã‚‹æ–¹ã¯è¦‹ã¦ã¿ã¦ãã ã•ã„ã€‚ twitter.com/wizon_button/sâ€¦
",https://pbs.twimg.com/profile_images/1077372550223605762/rau8VjYk_normal.jpg,2020-09-26,Blockchain Cuties
126,1311002521733869579,1311002521733869579,@ManicTube," Blockchain Cuties - The First Multi-Blockchain Crypto Collectible Game...
manictube.com/video/blockchaâ€¦
",https://pbs.twimg.com/profile_images/1285295783311560709/KeJs7hYg_normal.jpg,2020-09-29,Blockchain Cuties
127,1310937637826564099,1310937637826564099,@YnoD," Blockchain Cuties Universe, all day every day. Best and most fun playable NFT project out there. Dedicated team, and fanbase. Season 4 madness has just started. @BlockchainCutie
",https://pbs.twimg.com/profile_images/1193440319448240129/xZlEk1fe_normal.jpg,2020-09-29,Blockchain Cuties
128,1313458934070480897,1313458934070480897,@IsabellaAria11,"  ğŸ‘‰ ğ—–ğ˜‚ğ—¿ğ—¿ğ—²ğ—»ğ˜ğ—¹ğ˜†, ğ˜ğ—µğ—² ğ—ºğ—¼ğ˜€ğ˜ ğ˜€ğ˜‚ğ—°ğ—°ğ—²ğ˜€ğ˜€ğ—³ğ˜‚ğ—¹ ğ—˜ğ˜ğ—µğ—²ğ—¿ğ—²ğ˜‚ğ—º ğ——ğ—”ğ—½ğ—½ğ˜€ ğ—®ğ—¿ğ—²: 

âœ”ï¸ Blockchain Cuties
âœ”ï¸ IDEX
âœ”ï¸ ForkDelta
âœ”ï¸ Axie Infinity
âœ”ï¸ CryptoKitties

ğŸ‘‰ ğ—˜ğ˜…ğ—½ğ—¹ğ—¼ğ—¿ğ—² ğ˜ğ—¼ ğ—¸ğ—»ğ—¼ğ˜„ ğ— ğ—¼ğ—¿ğ—² -->   bit.ly/35RNWKC
#BlockchaintheWorld #ethereum
",https://pbs.twimg.com/profile_images/1139404696500629504/LzoxIrZJ_normal.png,2020-10-06,Blockchain Cuties
129,1316690611936792578,1316690611936792578,@IsabellaAria11,"  ğŸŒˆ The  Most Successful #ETHEREUM DApps:
âœ”ï¸ Blockchain Cuties
âœ”ï¸ IDEX
âœ”ï¸ ForkDelta
âœ”ï¸ Axie Infinity
âœ”ï¸ CryptoKitties

For More --> bit.ly/35RNWKC
",https://pbs.twimg.com/profile_images/1139404696500629504/LzoxIrZJ_normal.png,2020-10-15,Blockchain Cuties
130,1317000552027336704,1317000552027336704,@nmkenji," Blockchain Cuties ã¯ã˜ã‚ã¦ã¿ãŸğŸ˜º
blockchaincuties.com/?inviter=36567â€¦ pic.twitter.com/9LXHiLPgpD
",https://pbs.twimg.com/profile_images/1319652648602140678/6OUy5xvQ_normal.png,2020-10-16,Blockchain Cuties
131,1318826724424036358,1318826724424036358,@DappRadar,"  DappRadar has just started tracking #dapps on the @maticnetwork and in this article, we would like to show you how to start playing Blockchain Cuties Universe - one of the first games to use Matic #blockchain.

#blockchaingaming #NFTs @BlockchainCutie
dappradar.com/blog/playing-bâ€¦
",https://pbs.twimg.com/profile_images/1274978928474705920/q8pYHNpE_normal.jpg,2020-10-21,Blockchain Cuties
132,1319347903819821062,1319347903819821062,@BlockchainCutie,"  Cutie of the Day
You may be cool, but you'll never be tournament champion cool 

â¡ï¸ ift.tt/37D13R7
#dapp #dapps #MaticNetwork #ETH #TRON #NEO #blockchaingame #BlockchainGaming #cryptogame #cryptogames instagr.am/p/CGp73uKAJvv/ pic.twitter.com/0YUtlHIGz4
",https://pbs.twimg.com/profile_images/1284155723887370244/dycWd7Oq_normal.jpg,2020-10-22,Blockchain Cuties
133,1319284895659642880,1319284895659642880,@BlockchainCutie,"  It's been a while since we counted the inhabitants of Cutieland.

See the latest statistics and find out what's our next milestone:
blockchaincuties.com/blog/cutielandâ€¦
#dapp #dapps #MaticNetwork #ETH #TRON #NEO #blockchaingame #BlockchainGaming #cryptogame #cryptogames #playToEarn
",https://pbs.twimg.com/profile_images/1284155723887370244/dycWd7Oq_normal.jpg,2020-10-22,Blockchain Cuties
134,1319096241062510593,1319096241062510593,@vaelriey,"  Tokenized these 4 cuties on @rariblecom ğŸ˜
More to come!
Feel free to visit my account: app.rarible.com/vaelriey
#Cryptoart #NFT #rarible #Blockchain #nftart #rari pic.twitter.com/lbbrdYyrVd
",https://pbs.twimg.com/profile_images/1307216328013393925/xKyG_qv1_normal.jpg,2020-10-21,Blockchain Cuties
135,1319710290825629697,1319710290825629697,@BlockchainCutie,"  Cutie of the Day
Ready for action

â¡ï¸ ift.tt/2TmhBEk
#dapp #dapps #MaticNetwork #ETH #TRON #NEO #blockchaingame #BlockchainGaming #cryptogame #cryptogames instagr.am/p/CGshQvtAMu7/ pic.twitter.com/nWpMCCWX6G
",https://pbs.twimg.com/profile_images/1284155723887370244/dycWd7Oq_normal.jpg,2020-10-23,Blockchain Cuties
136,1319654844198768646,1319654844198768646,@BlockchainCutie,"  Did you know that the most brutal fights go down in the junior tournaments?

Take a look at how Cuties take down their enemies in one or two rounds here:
blockchaincuties.com/blog/young-cutâ€¦
#dapp #dapps #blockchaingame #BlockchainGaming #cryptogame #cryptogames #playToEarn
",https://pbs.twimg.com/profile_images/1284155723887370244/dycWd7Oq_normal.jpg,2020-10-23,Blockchain Cuties
137,1319521270346752000,1319521270346752000,@BlockchainCutie,"  Did you know that there's only one hedgehog on the entire MATIC blockchain?

See what's happening on other blockchains here:
blockchaincuties.com/blog/cutielandâ€¦
#dapp #dapps #MaticNetwork #ETH #TRON #NEO #blockchaingame #BlockchainGaming #cryptogame #cryptogames #playToEarn pic.twitter.com/2rTAXMhuUQ
",https://pbs.twimg.com/profile_images/1284155723887370244/dycWd7Oq_normal.jpg,2020-10-22,Blockchain Cuties
138,1320457024744939523,1320457024744939523,@BlockchainCutie,"  Pawedcast #103: Hallow's eve is coming.  twitch.tv/blockchain_cutâ€¦
",https://pbs.twimg.com/profile_images/1284155723887370244/dycWd7Oq_normal.jpg,2020-10-25,Blockchain Cuties
139,1320746462880387072,1320746462880387072,@BlockchainCutie,"  We're super excited to announce that our traditional Halloween event is coming to Cutieland!

Read more about what's in store for you here:
blockchaincuties.com/blog/blockchaiâ€¦
#dapp #dapps #MaticNetwork #ETH #TRON #NEO #blockchaingame #BlockchainGaming #cryptogame #cryptogames
",https://pbs.twimg.com/profile_images/1284155723887370244/dycWd7Oq_normal.jpg,2020-10-26,Blockchain Cuties
140,1320653082297012229,1320653082297012229,@BlockchainCutie,"  2/2
Read more about the junior tournaments and see how Trinity is finally defeated here:
blockchaincuties.com/blog/young-cutâ€¦
",https://pbs.twimg.com/profile_images/1284155723887370244/dycWd7Oq_normal.jpg,2020-10-26,Blockchain Cuties
141,1320709990244466688,1320709990244466688,@vaelriey,"  These cuties are still available on @rariblecom . My traditional-painting-turned-digital is also still available!
app.rarible.com/vaelriey
#rari #NFT #Cryptoart #Blockchain pic.twitter.com/5lk5GK2Ys2
",https://pbs.twimg.com/profile_images/1307216328013393925/xKyG_qv1_normal.jpg,2020-10-26,Blockchain Cuties
142,1320653016769482752,1320653016769482752,@BlockchainCutie,"  1/2 Junior tournaments are brutal!

Just watch one of the season's uniques beat her opponents ğŸ˜±

youtu.be/q9VVK94j6TU
#dapps #BlockchainGaming #cryptogame #cryptogames #playToEarn
",https://pbs.twimg.com/profile_images/1284155723887370244/dycWd7Oq_normal.jpg,2020-10-26,Blockchain Cuties
143,1320812483959926784,1320812483959926784,@BlockchainCutie,"  Cutie of the Day
Christmas colors are the best colors 

â¡ï¸ ift.tt/2HzWVXa
#dapp #dapps #MaticNetwork #ETH #TRON #NEO #blockchaingame #BlockchainGaming #cryptogame #cryptogames instagr.am/p/CG0VdOXAGxj/ pic.twitter.com/8277bC3Uay
",https://pbs.twimg.com/profile_images/1284155723887370244/dycWd7Oq_normal.jpg,2020-10-26,Blockchain Cuties
144,1321159835371655173,1321159835371655173,@BlockchainCutie,"  Cutie of the Day
In 2020 you don't need pants for a Halloween party

â¡ï¸ ift.tt/3kCwu1i
#dapp #dapps #MaticNetwork #ETH #TRON #NEO #blockchaingame #BlockchainGaming #cryptogame #cryptogames instagr.am/p/CG229T_gGHq/ pic.twitter.com/883oTsGgMB
",https://pbs.twimg.com/profile_images/1284155723887370244/dycWd7Oq_normal.jpg,2020-10-27,Blockchain Cuties
145,1321002649488154625,1321002649488154625,@BlockchainCutie,"  We have revealed the signature hat of 2020's Halloween event.

See it now and find out what awaits you this year:
blockchaincuties.com/blog/blockchaiâ€¦

More sneak peeks are coming soon ğŸ˜‰ pic.twitter.com/mNGzoiPugx
",https://pbs.twimg.com/profile_images/1284155723887370244/dycWd7Oq_normal.jpg,2020-10-27,Blockchain Cuties
146,1321484383916859392,1321484383916859392,@BlockchainCutie,"  Spooky time is coming to Cutieland. And you have to be ready to face the monsters lurking in the dark.

Meet three villains who are coming for your Cuties:
blockchaincuties.com/blog/meet-the-â€¦
#dapp #dapps #blockchaingame #BlockchainGaming #cryptogame #cryptogames
",https://pbs.twimg.com/profile_images/1284155723887370244/dycWd7Oq_normal.jpg,2020-10-28,Blockchain Cuties
147,1321352728187195393,1321352728187195393,@BlockchainCutie,"  Three tournaments are still accepting Cuties.
Are you ready to take your chance?

Send your champion out and see it fight!

ğŸ‘‰blockchaincuties.com/tournaments
#dapp #dapps #MaticNetwork #ETH #TRON #NEO #blockchaingame #BlockchainGaming #cryptogame #cryptogames pic.twitter.com/pKqD3W6lZo
",https://pbs.twimg.com/profile_images/1284155723887370244/dycWd7Oq_normal.jpg,2020-10-28,Blockchain Cuties
148,1321537316763172864,1321537316763172864,@BlockchainCutie,"  Cutie of the Day
Bear Bond

â¡ï¸ ift.tt/34ykjNA
#dapp #dapps #MaticNetwork #ETH #TRON #NEO #blockchaingame #BlockchainGaming #cryptogame #cryptogames instagr.am/p/CG5iMuwAQfY/ pic.twitter.com/xAqbaDLrf7
",https://pbs.twimg.com/profile_images/1284155723887370244/dycWd7Oq_normal.jpg,2020-10-28,Blockchain Cuties
149,1321899725914820608,1321899725914820608,@BlockchainCutie,"  Cutie of the Day
Cotton candy cute

â¡ï¸ ift.tt/31UiR6e
#dapp #dapps #MaticNetwork #ETH #TRON #NEO #blockchaingame #BlockchainGaming #cryptogame #cryptogames instagr.am/p/CG8DtYtAQfE/ pic.twitter.com/YTm8I1vHUn
",https://pbs.twimg.com/profile_images/1284155723887370244/dycWd7Oq_normal.jpg,2020-10-29,Blockchain Cuties
150,1321836117843419137,1321836117843419137,@BlockchainCutie,"  The Halloween event is almost here!

We prepared so much amazing gear for your Cuties.

Check out a few sneak peeks of our favorite spooky treasures that are coming this Halloween:
blockchaincuties.com/blog/halloweenâ€¦
#dapp #dapps #blockchaingame #BlockchainGaming #cryptogame #cryptogames
",https://pbs.twimg.com/profile_images/1284155723887370244/dycWd7Oq_normal.jpg,2020-10-29,Blockchain Cuties
151,1321712965545086977,1321712965545086977,@BlockchainCutie,"  ğŸ˜±Spooky time is almost here. ğŸ˜±

Take a look at the dark creatures that your Cuties will face during our Halloween event:
blockchaincuties.com/blog/meet-the-â€¦
#dapp #dapps #MaticNetwork #ETH #TRON #NEO #blockchaingame #BlockchainGaming #cryptogame #cryptogames pic.twitter.com/BatgBKjuID
",https://pbs.twimg.com/profile_images/1284155723887370244/dycWd7Oq_normal.jpg,2020-10-29,Blockchain Cuties
152,1321863299454128129,1321863299454128129,@BlockchainCutie,"  It's that time of the year, Cutieneers! 

Time to win a unique looking @Changelly_team branded Cutie! 

Check out their tweet for details ;)
#blockchaingaming #play2earn twitter.com/Changelly_teamâ€¦
",https://pbs.twimg.com/profile_images/1284155723887370244/dycWd7Oq_normal.jpg,2020-10-29,Blockchain Cuties
